
{
  "totalpop": 737855,
  "incubation_period": 3.0,
  "prediagnosis_period": 3.8,
  "R0_set":
  {
    "date_offsets": [30, 45, 53, 60, 68, 159],
	"r0_values": [3.8, 3.6, 3.3, 2.8, 1.55, 3.8]
  },
  "initial_values":
  {
    "susceptible": 737854,
    "infected": 0,
    "infectious": 1
  },
  "age_distribution": {
    "0-9": 0.1184998,
    "10-19": 0.1310645,
    "20-29": 0.1461177,
    "30-39": 0.1456213,
    "40-49": 0.1303838,
    "50-59": 0.1266992,
    "60-69": 0.1090715,
    "70-79": 0.0612498,
    "80+": 0.0312923
  },
  "age_projection":
  {
    "0-9":   { "hosp_rate": 0.001, "crit_rate": 0.05,  "fatality": 0.00002 },
    "10-19": { "hosp_rate": 0.003, "crit_rate": 0.05,  "fatality": 0.00006 },
    "20-29": { "hosp_rate": 0.012, "crit_rate": 0.05,  "fatality": 0.0003 },
    "30-39": { "hosp_rate": 0.032, "crit_rate": 0.05,  "fatality": 0.0008 },
    "40-49": { "hosp_rate": 0.049, "crit_rate": 0.063, "fatality": 0.0015 },
    "50-59": { "hosp_rate": 0.102, "crit_rate": 0.122, "fatality": 0.006 },
    "60-69": { "hosp_rate": 0.166, "crit_rate": 0.274, "fatality": 0.022 },
    "70-79": { "hosp_rate": 0.243, "crit_rate": 0.432, "fatality": 0.051 },
    "80+":   { "hosp_rate": 0.273, "crit_rate": 0.709, "fatality": 0.093 }
  }
}
